"step.number","action","relation","model","problem","subproblem","covariance_step_run","minimization_successful","covariance_step_successful","covariance_step_warnings","estimate_near_boundary","rounding_errors","zero_gradients","final_zero_gradients","hessian_reset","s_matrix_singular","significant_digits","condition_number","est_methods","model_run_time","subprob_est_time","subprob_cov_time","ofv","[1]   CL (L/d)","[2,3] V1  (L)","V2","Q","CLADA-2-1","CLAGE-2-1","CLAGE-3-1","CLAGE-3-2","CLAGE-4-1","CLAGE-5-1","CLALB-2-1","CLALB-3-1","CLALB-3-2","CLALB-4-1","CLALB-5-1","CLBW-2-1","CLBW-3-1","CLBW-3-2","CLBW-4-1","CLBW-5-1","CLCREAT-2-1","CLCREAT-3-1","CLCREAT-3-2","CLCREAT-4-1","CLCREAT-5-1","CLSEX-2-1","V1ADA-2-1","V1AGE-2-1","V1AGE-3-1","V1AGE-3-2","V1AGE-4-1","V1AGE-5-1","V1ALB-2-1","V1ALB-3-1","V1ALB-3-2","V1ALB-4-1","V1ALB-5-1","V1BW-2-1","V1BW-3-1","V1BW-3-2","V1BW-4-1","V1BW-5-1","V1CREAT-2-1","V1CREAT-3-1","V1CREAT-3-2","V1CREAT-4-1","V1CREAT-5-1","V1SEX-2-1","IIV CL","IIV V","EPS(1), proportional","EPS(2)","se[1]   CL (L/d)","se[2,3] V1  (L)","seV2","seQ","seCLADA-2-1","seCLAGE-2-1","seCLAGE-3-1","seCLAGE-3-2","seCLAGE-4-1","seCLAGE-5-1","seCLALB-2-1","seCLALB-3-1","seCLALB-3-2","seCLALB-4-1","seCLALB-5-1","seCLBW-2-1","seCLBW-3-1","seCLBW-3-2","seCLBW-4-1","seCLBW-5-1","seCLCREAT-2-1","seCLCREAT-3-1","seCLCREAT-3-2","seCLCREAT-4-1","seCLCREAT-5-1","seCLSEX-2-1","seV1ADA-2-1","seV1AGE-2-1","seV1AGE-3-1","seV1AGE-3-2","seV1AGE-4-1","seV1AGE-5-1","seV1ALB-2-1","seV1ALB-3-1","seV1ALB-3-2","seV1ALB-4-1","seV1ALB-5-1","seV1BW-2-1","seV1BW-3-1","seV1BW-3-2","seV1BW-4-1","seV1BW-5-1","seV1CREAT-2-1","seV1CREAT-3-1","seV1CREAT-3-2","seV1CREAT-4-1","seV1CREAT-5-1","seV1SEX-2-1","seIIV CL","seIIV V","seEPS(1), proportional","seEPS(2)","shrinkage_eta1(%)","shrinkage_eta2(%)","shrinkage_iwres(%)","EI1","EI2","EI3","EI4","EI5","EI6","EI7","EI8","EI9"
0,none (base),none,1,1,1,1,0,1,0,0,1,0,0,0,0,2.3,728.114,FOCE,NA,874.72,40.34,11233.806562794362,1.48291,4.61209,0.349516,2.71608,NA,NA,NA,NA,NA,NA,NA,NA,NA,NA,NA,NA,NA,NA,NA,NA,NA,NA,NA,NA,NA,NA,NA,NA,NA,NA,NA,NA,NA,NA,NA,NA,NA,NA,NA,NA,NA,NA,NA,NA,NA,NA,NA,NA,0.573074,0.2141,0.290424,5e-13,0.418661,0.661087,0.49142,9.44931,NA,NA,NA,NA,NA,NA,NA,NA,NA,NA,NA,NA,NA,NA,NA,NA,NA,NA,NA,NA,NA,NA,NA,NA,NA,NA,NA,NA,NA,NA,NA,NA,NA,NA,NA,NA,NA,NA,NA,NA,NA,NA,NA,NA,0.189733,0.0706939,0.015813,NA,NA,NA,0.00391855,0.147178,0.219969,0.516645,1.09808,2.16106,2.85315,NA,NA
1,added,CLADA-2,1,1,1,0,1,0,0,1,0,6,1,0,0,3.3,NA,FOCE_I,NA,2066.92,0,10919.127405624700,1.45007,4.58372,0.423092,3.03025,4.94999,NA,NA,NA,NA,NA,NA,NA,NA,NA,NA,NA,NA,NA,NA,NA,NA,NA,NA,NA,NA,NA,NA,NA,NA,NA,NA,NA,NA,NA,NA,NA,NA,NA,NA,NA,NA,NA,NA,NA,NA,NA,NA,NA,0.575799,0.22842,0.279944,5e-13,NA,NA,NA,NA,NA,NA,NA,NA,NA,NA,NA,NA,NA,NA,NA,NA,NA,NA,NA,NA,NA,NA,NA,NA,NA,NA,NA,NA,NA,NA,NA,NA,NA,NA,NA,NA,NA,NA,NA,NA,NA,NA,NA,NA,NA,NA,NA,NA,NA,NA,NA
1,added,CLAGE-2,2,1,1,0,1,0,0,0,0,0,0,1,0,3.2,NA,FOCE_I,NA,2804.73,0,11229.795942322295,1.49365,4.60898,0.351971,2.72817,NA,0.0262745,NA,NA,NA,NA,NA,NA,NA,NA,NA,NA,NA,NA,NA,NA,NA,NA,NA,NA,NA,NA,NA,NA,NA,NA,NA,NA,NA,NA,NA,NA,NA,NA,NA,NA,NA,NA,NA,NA,NA,NA,NA,NA,0.54299,0.214113,0.290443,5e-13,NA,NA,NA,NA,NA,NA,NA,NA,NA,NA,NA,NA,NA,NA,NA,NA,NA,NA,NA,NA,NA,NA,NA,NA,NA,NA,NA,NA,NA,NA,NA,NA,NA,NA,NA,NA,NA,NA,NA,NA,NA,NA,NA,NA,NA,NA,NA,NA,NA,NA,NA
1,added,CLALB-2,3,1,1,0,1,0,0,0,0,0,0,3,0,3.4,NA,FOCE_I,NA,3536.33,0,11225.687526177169,1.51338,4.61221,0.36226,2.79401,NA,NA,NA,NA,NA,NA,0.0314139,NA,NA,NA,NA,NA,NA,NA,NA,NA,NA,NA,NA,NA,NA,NA,NA,NA,NA,NA,NA,NA,NA,NA,NA,NA,NA,NA,NA,NA,NA,NA,NA,NA,NA,NA,NA,NA,0.605293,0.216059,0.291507,5e-13,NA,NA,NA,NA,NA,NA,NA,NA,NA,NA,NA,NA,NA,NA,NA,NA,NA,NA,NA,NA,NA,NA,NA,NA,NA,NA,NA,NA,NA,NA,NA,NA,NA,NA,NA,NA,NA,NA,NA,NA,NA,NA,NA,NA,NA,NA,NA,NA,NA,NA,NA
1,added,CLBW-2,4,1,1,0,1,0,0,0,0,0,0,5,0,3.7,NA,FOCE_I,NA,2282.67,0,11232.363619978956,1.49299,4.61197,0.357942,2.75608,NA,NA,NA,NA,NA,NA,NA,NA,NA,NA,NA,0.0085747,NA,NA,NA,NA,NA,NA,NA,NA,NA,NA,NA,NA,NA,NA,NA,NA,NA,NA,NA,NA,NA,NA,NA,NA,NA,NA,NA,NA,NA,NA,NA,NA,0.595053,0.214852,0.290311,5e-13,NA,NA,NA,NA,NA,NA,NA,NA,NA,NA,NA,NA,NA,NA,NA,NA,NA,NA,NA,NA,NA,NA,NA,NA,NA,NA,NA,NA,NA,NA,NA,NA,NA,NA,NA,NA,NA,NA,NA,NA,NA,NA,NA,NA,NA,NA,NA,NA,NA,NA,NA
1,added,CLCREAT-2,5,1,1,0,1,0,0,0,0,0,0,2,0,3.1,NA,FOCE_I,NA,1584.68,0,11232.555806458040,1.48082,4.60794,0.35131,2.71568,NA,NA,NA,NA,NA,NA,NA,NA,NA,NA,NA,NA,NA,NA,NA,NA,-0.159867,NA,NA,NA,NA,NA,NA,NA,NA,NA,NA,NA,NA,NA,NA,NA,NA,NA,NA,NA,NA,NA,NA,NA,NA,NA,NA,NA,0.58394,0.214293,0.290047,5e-13,NA,NA,NA,NA,NA,NA,NA,NA,NA,NA,NA,NA,NA,NA,NA,NA,NA,NA,NA,NA,NA,NA,NA,NA,NA,NA,NA,NA,NA,NA,NA,NA,NA,NA,NA,NA,NA,NA,NA,NA,NA,NA,NA,NA,NA,NA,NA,NA,NA,NA,NA
1,added,CLSEX-2,6,1,1,0,1,0,0,0,0,0,0,1,0,3.2,NA,FOCE_I,NA,1087.95,0,11233.734149486620,1.45858,4.60992,0.349006,2.71705,NA,NA,NA,NA,NA,NA,NA,NA,NA,NA,NA,NA,NA,NA,NA,NA,NA,NA,NA,NA,NA,0.047064,NA,NA,NA,NA,NA,NA,NA,NA,NA,NA,NA,NA,NA,NA,NA,NA,NA,NA,NA,NA,NA,NA,0.572596,0.214084,0.290543,5e-13,NA,NA,NA,NA,NA,NA,NA,NA,NA,NA,NA,NA,NA,NA,NA,NA,NA,NA,NA,NA,NA,NA,NA,NA,NA,NA,NA,NA,NA,NA,NA,NA,NA,NA,NA,NA,NA,NA,NA,NA,NA,NA,NA,NA,NA,NA,NA,NA,NA,NA,NA
1,added,V1ADA-2,7,1,1,0,1,0,0,0,0,0,0,0,0,3.3,NA,FOCE_I,NA,840.18,0,10984.980543615178,1.44124,4.89455,0.0316032,2.40401,NA,NA,NA,NA,NA,NA,NA,NA,NA,NA,NA,NA,NA,NA,NA,NA,NA,NA,NA,NA,NA,NA,-0.828289,NA,NA,NA,NA,NA,NA,NA,NA,NA,NA,NA,NA,NA,NA,NA,NA,NA,NA,NA,NA,NA,0.582949,0.206475,0.290185,5e-13,NA,NA,NA,NA,NA,NA,NA,NA,NA,NA,NA,NA,NA,NA,NA,NA,NA,NA,NA,NA,NA,NA,NA,NA,NA,NA,NA,NA,NA,NA,NA,NA,NA,NA,NA,NA,NA,NA,NA,NA,NA,NA,NA,NA,NA,NA,NA,NA,NA,NA,NA
1,added,V1AGE-2,8,1,1,0,0,0,0,0,1,0,0,3,0,2.1,NA,FOCE_I,NA,3821.09,0,11232.699814764914,1.48347,4.6079,0.35133,2.73688,NA,NA,NA,NA,NA,NA,NA,NA,NA,NA,NA,NA,NA,NA,NA,NA,NA,NA,NA,NA,NA,NA,NA,0.00892036,NA,NA,NA,NA,NA,NA,NA,NA,NA,NA,NA,NA,NA,NA,NA,NA,NA,NA,NA,NA,0.573538,0.210908,0.290483,5e-13,NA,NA,NA,NA,NA,NA,NA,NA,NA,NA,NA,NA,NA,NA,NA,NA,NA,NA,NA,NA,NA,NA,NA,NA,NA,NA,NA,NA,NA,NA,NA,NA,NA,NA,NA,NA,NA,NA,NA,NA,NA,NA,NA,NA,NA,NA,NA,NA,NA,NA,NA
1,added,V1ALB-2,9,1,1,0,1,0,0,0,0,0,0,2,0,3.3,NA,FOCE_I,NA,1973.32,0,11123.034000893467,1.46138,4.68767,0.212138,1.73768,NA,NA,NA,NA,NA,NA,NA,NA,NA,NA,NA,NA,NA,NA,NA,NA,NA,NA,NA,NA,NA,NA,NA,NA,NA,NA,NA,NA,-0.125251,NA,NA,NA,NA,NA,NA,NA,NA,NA,NA,NA,NA,NA,NA,NA,0.591622,0.366323,0.290811,5e-13,NA,NA,NA,NA,NA,NA,NA,NA,NA,NA,NA,NA,NA,NA,NA,NA,NA,NA,NA,NA,NA,NA,NA,NA,NA,NA,NA,NA,NA,NA,NA,NA,NA,NA,NA,NA,NA,NA,NA,NA,NA,NA,NA,NA,NA,NA,NA,NA,NA,NA,NA
1,added,V1BW-2,10,1,1,0,0,0,0,0,1,0,0,0,0,2.7,NA,FOCE_I,NA,2082.66,0,11227.901233321065,1.48414,4.61148,0.366734,2.83287,NA,NA,NA,NA,NA,NA,NA,NA,NA,NA,NA,NA,NA,NA,NA,NA,NA,NA,NA,NA,NA,NA,NA,NA,NA,NA,NA,NA,NA,NA,NA,NA,NA,-0.0199079,NA,NA,NA,NA,NA,NA,NA,NA,NA,NA,0.576906,0.251033,0.289328,5e-13,NA,NA,NA,NA,NA,NA,NA,NA,NA,NA,NA,NA,NA,NA,NA,NA,NA,NA,NA,NA,NA,NA,NA,NA,NA,NA,NA,NA,NA,NA,NA,NA,NA,NA,NA,NA,NA,NA,NA,NA,NA,NA,NA,NA,NA,NA,NA,NA,NA,NA,NA
1,added,V1CREAT-2,11,1,1,0,1,0,0,0,0,0,0,2,0,4,NA,FOCE_I,NA,1764.95,0,11229.296470772373,1.48876,4.62926,0.349751,2.69966,NA,NA,NA,NA,NA,NA,NA,NA,NA,NA,NA,NA,NA,NA,NA,NA,NA,NA,NA,NA,NA,NA,NA,NA,NA,NA,NA,NA,NA,NA,NA,NA,NA,NA,NA,NA,NA,NA,0.208927,NA,NA,NA,NA,NA,0.573451,0.21436,0.290102,5e-13,NA,NA,NA,NA,NA,NA,NA,NA,NA,NA,NA,NA,NA,NA,NA,NA,NA,NA,NA,NA,NA,NA,NA,NA,NA,NA,NA,NA,NA,NA,NA,NA,NA,NA,NA,NA,NA,NA,NA,NA,NA,NA,NA,NA,NA,NA,NA,NA,NA,NA,NA
1,added,V1SEX-2,12,1,1,0,0,0,0,0,1,0,0,1,0,1.3,NA,FOCE_I,NA,1665.28,0,11233.662193029571,1.48179,4.68895,0.349538,2.7179,NA,NA,NA,NA,NA,NA,NA,NA,NA,NA,NA,NA,NA,NA,NA,NA,NA,NA,NA,NA,NA,NA,NA,NA,NA,NA,NA,NA,NA,NA,NA,NA,NA,NA,NA,NA,NA,NA,NA,NA,NA,NA,NA,-0.04155,0.573136,0.213664,0.290463,5e-13,NA,NA,NA,NA,NA,NA,NA,NA,NA,NA,NA,NA,NA,NA,NA,NA,NA,NA,NA,NA,NA,NA,NA,NA,NA,NA,NA,NA,NA,NA,NA,NA,NA,NA,NA,NA,NA,NA,NA,NA,NA,NA,NA,NA,NA,NA,NA,NA,NA,NA,NA
2,added,CLAGE-2,1,1,1,0,1,0,0,1,0,8,1,3,0,4.5,NA,FOCE_I,NA,3061.41,0,10914.285708021560,1.45788,4.60141,0.424081,3.01806,4.9995,0.0286604,NA,NA,NA,NA,NA,NA,NA,NA,NA,NA,NA,NA,NA,NA,NA,NA,NA,NA,NA,NA,NA,NA,NA,NA,NA,0.539724,0.228453,0.279976,5e-13,NA,NA,NA,NA,NA,NA,NA,NA,NA,NA,NA,NA,NA,NA,NA,NA,NA,NA,NA,NA,NA,NA,NA,NA,NA,NA,NA,NA,NA,NA,NA,NA,NA,NA
2,added,CLALB-2,2,1,1,0,1,0,0,0,0,0,0,0,0,3.5,NA,FOCE_I,NA,1706.41,0,10907.497809731589,1.48639,4.60098,0.44092,3.07718,4.87028,NA,NA,NA,NA,NA,0.0371358,NA,NA,NA,NA,NA,NA,NA,NA,NA,NA,NA,NA,NA,NA,NA,NA,NA,NA,NA,NA,0.615077,0.23053,0.280742,5e-13,NA,NA,NA,NA,NA,NA,NA,NA,NA,NA,NA,NA,NA,NA,NA,NA,NA,NA,NA,NA,NA,NA,NA,NA,NA,NA,NA,NA,NA,NA,NA,NA,NA,NA
2,added,V1ADA-2,3,1,1,0,0,0,0,0,1,0,0,2,0,1.7,NA,FOCE_I,NA,1253.4,0,10913.307448059390,1.44397,4.61374,0.410969,3.03814,4.48731,NA,NA,NA,NA,NA,NA,NA,NA,NA,NA,-0.247825,NA,NA,NA,NA,NA,NA,NA,NA,NA,NA,NA,NA,NA,NA,NA,0.579767,0.231152,0.279522,5e-13,NA,NA,NA,NA,NA,NA,NA,NA,NA,NA,NA,NA,NA,NA,NA,NA,NA,NA,NA,NA,NA,NA,NA,NA,NA,NA,NA,NA,NA,NA,NA,NA,NA,NA
2,added,V1ALB-2,4,1,1,0,1,0,0,0,0,0,0,3,0,3.4,NA,FOCE_I,NA,2548.87,0,10802.946310160572,1.42087,4.70545,0.276092,2.03659,4.6281,NA,NA,NA,NA,NA,NA,NA,NA,NA,NA,NA,-0.125659,NA,NA,NA,NA,NA,NA,NA,NA,NA,NA,NA,NA,NA,NA,0.590362,0.378726,0.280494,5e-13,NA,NA,NA,NA,NA,NA,NA,NA,NA,NA,NA,NA,NA,NA,NA,NA,NA,NA,NA,NA,NA,NA,NA,NA,NA,NA,NA,NA,NA,NA,NA,NA,NA,NA
2,added,V1BW-2,5,1,1,0,0,0,0,0,1,0,0,1,0,1.4,NA,FOCE_I,NA,1707.02,0,10913.246063765553,1.44196,4.60826,0.437375,3.10864,4.97756,NA,NA,NA,NA,NA,NA,NA,NA,NA,NA,NA,NA,NA,NA,NA,NA,-0.0206333,NA,NA,NA,NA,NA,NA,NA,NA,NA,0.579559,0.266868,0.27909,5e-13,NA,NA,NA,NA,NA,NA,NA,NA,NA,NA,NA,NA,NA,NA,NA,NA,NA,NA,NA,NA,NA,NA,NA,NA,NA,NA,NA,NA,NA,NA,NA,NA,NA,NA
2,added,V1CREAT-2,6,1,1,0,1,0,0,1,0,3,1,1,0,3.7,NA,FOCE_I,NA,1620.91,0,10915.482528107688,1.44835,4.61013,0.421566,2.98601,4.9995,NA,NA,NA,NA,NA,NA,NA,NA,NA,NA,NA,NA,NA,NA,NA,NA,NA,NA,NA,NA,NA,0.185308,NA,NA,NA,NA,0.57639,0.230032,0.279551,5e-13,NA,NA,NA,NA,NA,NA,NA,NA,NA,NA,NA,NA,NA,NA,NA,NA,NA,NA,NA,NA,NA,NA,NA,NA,NA,NA,NA,NA,NA,NA,NA,NA,NA,NA
3,added,CLAGE-2,1,1,1,0,0,0,0,0,1,0,0,4,0,1.3,NA,FOCE_I,NA,3057.04,0,10798.063714785520,1.4339,4.70299,0.27678,2.0301,4.64573,0.0291447,NA,NA,NA,NA,NA,NA,NA,NA,NA,NA,-0.12562,NA,NA,NA,NA,NA,NA,NA,NA,NA,NA,NA,NA,NA,NA,0.552906,0.378864,0.280557,5e-13,NA,NA,NA,NA,NA,NA,NA,NA,NA,NA,NA,NA,NA,NA,NA,NA,NA,NA,NA,NA,NA,NA,NA,NA,NA,NA,NA,NA,NA,NA,NA,NA,NA,NA
3,added,CLALB-2,2,1,1,0,0,0,0,0,1,0,0,2,0,0.5,NA,FOCE_I,NA,2420.36,0,10802.945381593474,1.42099,4.70452,0.275869,2.03696,4.6287,NA,NA,NA,NA,NA,-0.000461586,NA,NA,NA,NA,NA,-0.125696,NA,NA,NA,NA,NA,NA,NA,NA,NA,NA,NA,NA,NA,NA,0.590073,0.379251,0.280592,5e-13,NA,NA,NA,NA,NA,NA,NA,NA,NA,NA,NA,NA,NA,NA,NA,NA,NA,NA,NA,NA,NA,NA,NA,NA,NA,NA,NA,NA,NA,NA,NA,NA,NA,NA
3,added,V1ADA-2,3,1,1,0,1,0,0,0,0,0,0,1,0,3.1,NA,FOCE_I,NA,2701.04,0,10796.224737821867,1.41793,4.72961,0.261789,1.98982,4.21782,NA,NA,NA,NA,NA,NA,NA,NA,NA,NA,-0.258938,-0.125656,NA,NA,NA,NA,NA,NA,NA,NA,NA,NA,NA,NA,NA,NA,0.594537,0.382418,0.280108,5e-13,NA,NA,NA,NA,NA,NA,NA,NA,NA,NA,NA,NA,NA,NA,NA,NA,NA,NA,NA,NA,NA,NA,NA,NA,NA,NA,NA,NA,NA,NA,NA,NA,NA,NA
3,added,V1ALB-3,4,1,1,0,1,0,0,0,0,0,0,0,0,3.1,NA,FOCE_I,NA,1129.71,0,10773.363582505594,1.42126,5.53619,0.205842,1.47189,4.67297,NA,NA,NA,NA,NA,NA,NA,NA,NA,NA,NA,NA,0.00668625,-0.126597,NA,NA,NA,NA,NA,NA,NA,NA,NA,NA,NA,NA,0.592834,0.28635,0.280484,5e-13,NA,NA,NA,NA,NA,NA,NA,NA,NA,NA,NA,NA,NA,NA,NA,NA,NA,NA,NA,NA,NA,NA,NA,NA,NA,NA,NA,NA,NA,NA,NA,NA,NA,NA
3,added,V1BW-2,5,1,1,0,0,0,0,1,1,5,1,2,0,NA,NA,FOCE_I,NA,1823.06,0,10786.888318790356,1.41336,5.15292,0.237595,1.83211,4.50243,NA,NA,NA,NA,NA,NA,NA,NA,NA,NA,NA,-0.126563,NA,NA,NA,NA,-0.0544496,NA,NA,NA,NA,NA,NA,NA,NA,NA,0.601505,0.663443,0.281098,5e-13,NA,NA,NA,NA,NA,NA,NA,NA,NA,NA,NA,NA,NA,NA,NA,NA,NA,NA,NA,NA,NA,NA,NA,NA,NA,NA,NA,NA,NA,NA,NA,NA,NA,NA
3,added,V1CREAT-2,6,1,1,0,0,0,0,0,1,0,0,0,0,1.6,NA,FOCE_I,NA,645.77,0,10799.882971327383,1.42044,4.72096,0.279617,2.03146,4.74185,NA,NA,NA,NA,NA,NA,NA,NA,NA,NA,NA,-0.125688,NA,NA,NA,NA,NA,NA,NA,NA,NA,0.190864,NA,NA,NA,NA,0.590786,0.385073,0.279945,5e-13,NA,NA,NA,NA,NA,NA,NA,NA,NA,NA,NA,NA,NA,NA,NA,NA,NA,NA,NA,NA,NA,NA,NA,NA,NA,NA,NA,NA,NA,NA,NA,NA,NA,NA
4,added,CLAGE-2,1,1,1,0,0,0,0,0,1,0,0,0,0,2.6,NA,FOCE_I,NA,2036.48,0,10768.547280335755,1.43123,5.53675,0.209906,1.49989,4.69993,0.0289829,NA,NA,NA,NA,NA,NA,NA,NA,NA,NA,NA,0.0070329,-0.126615,NA,NA,NA,NA,NA,NA,NA,NA,NA,NA,NA,NA,0.554934,0.285663,0.280455,5e-13,NA,NA,NA,NA,NA,NA,NA,NA,NA,NA,NA,NA,NA,NA,NA,NA,NA,NA,NA,NA,NA,NA,NA,NA,NA,NA,NA,NA,NA,NA,NA,NA,NA,NA
4,added,CLALB-2,2,1,1,0,0,0,0,0,1,0,0,3,0,2.9,NA,FOCE_I,NA,3109.27,0,10768.891248253596,1.44799,5.63544,0.262718,1.85376,4.64165,NA,NA,NA,NA,NA,0.0261346,NA,NA,NA,NA,NA,NA,0.0220145,-0.1258,NA,NA,NA,NA,NA,NA,NA,NA,NA,NA,NA,NA,0.617427,0.282644,0.280186,5e-13,NA,NA,NA,NA,NA,NA,NA,NA,NA,NA,NA,NA,NA,NA,NA,NA,NA,NA,NA,NA,NA,NA,NA,NA,NA,NA,NA,NA,NA,NA,NA,NA,NA,NA
4,added,V1ADA-2,3,1,1,0,1,0,0,0,0,0,0,1,0,3.9,NA,FOCE_I,NA,1695.25,0,10766.554303317287,1.41572,5.57722,0.190223,1.40422,4.13997,NA,NA,NA,NA,NA,NA,NA,NA,NA,NA,-0.261387,NA,0.00681649,-0.126598,NA,NA,NA,NA,NA,NA,NA,NA,NA,NA,NA,NA,0.596824,0.28811,0.280004,5e-13,NA,NA,NA,NA,NA,NA,NA,NA,NA,NA,NA,NA,NA,NA,NA,NA,NA,NA,NA,NA,NA,NA,NA,NA,NA,NA,NA,NA,NA,NA,NA,NA,NA,NA
4,added,V1ALB-4,4,1,1,0,1,0,0,0,0,0,0,3,0,3.6,NA,FOCE_I,NA,1635.18,0,10864.250724452477,1.43027,4.36692,0.347185,2.52702,4.70123,NA,NA,NA,NA,NA,NA,NA,NA,NA,NA,NA,NA,NA,NA,-0.115364,NA,NA,NA,NA,NA,NA,NA,NA,NA,NA,NA,0.583756,0.343823,0.281693,5e-13,NA,NA,NA,NA,NA,NA,NA,NA,NA,NA,NA,NA,NA,NA,NA,NA,NA,NA,NA,NA,NA,NA,NA,NA,NA,NA,NA,NA,NA,NA,NA,NA,NA,NA
4,added,V1BW-2,5,1,1,0,0,0,0,0,1,0,0,2,0,2.6,NA,FOCE_I,NA,4283.52,0,10761.745397701530,1.40467,5.96635,0.193574,1.40811,4.66603,NA,NA,NA,NA,NA,NA,NA,NA,NA,NA,NA,NA,0.0172988,-0.127504,NA,NA,-0.0470322,NA,NA,NA,NA,NA,NA,NA,NA,NA,0.602005,0.45124,0.280408,5e-13,NA,NA,NA,NA,NA,NA,NA,NA,NA,NA,NA,NA,NA,NA,NA,NA,NA,NA,NA,NA,NA,NA,NA,NA,NA,NA,NA,NA,NA,NA,NA,NA,NA,NA
4,added,V1CREAT-2,6,1,1,0,1,0,0,0,0,0,0,2,0,3.7,NA,FOCE_I,NA,2441.47,0,10768.696946835993,1.42716,5.57091,0.216435,1.52368,4.76883,NA,NA,NA,NA,NA,NA,NA,NA,NA,NA,NA,NA,0.00997897,-0.126648,NA,NA,NA,NA,NA,NA,NA,0.219909,NA,NA,NA,NA,0.592893,0.28565,0.27978,5e-13,NA,NA,NA,NA,NA,NA,NA,NA,NA,NA,NA,NA,NA,NA,NA,NA,NA,NA,NA,NA,NA,NA,NA,NA,NA,NA,NA,NA,NA,NA,NA,NA,NA,NA
5,added,CLAGE-2,1,1,1,0,1,0,0,0,0,0,0,5,0,3.1,NA,FOCE_I,NA,7245.18,0,10756.890766525579,1.42385,5.97064,0.20374,1.4932,4.6921,0.0293168,NA,NA,NA,NA,NA,NA,NA,NA,NA,NA,NA,0.0183288,-0.127537,NA,NA,-0.0469468,NA,NA,NA,NA,NA,NA,NA,NA,NA,0.563352,0.449819,0.280284,5e-13,NA,NA,NA,NA,NA,NA,NA,NA,NA,NA,NA,NA,NA,NA,NA,NA,NA,NA,NA,NA,NA,NA,NA,NA,NA,NA,NA,NA,NA,NA,NA,NA,NA,NA
5,added,CLALB-2,2,1,1,0,0,0,0,0,1,0,0,2,0,1.8,NA,FOCE_I,NA,3242.18,0,10759.058182082001,1.43279,6.04723,0.2465,1.796,4.63215,NA,NA,NA,NA,NA,0.0208823,NA,NA,NA,NA,NA,NA,0.0290713,-0.127041,NA,NA,-0.0467092,NA,NA,NA,NA,NA,NA,NA,NA,NA,0.619704,0.444625,0.280178,5e-13,NA,NA,NA,NA,NA,NA,NA,NA,NA,NA,NA,NA,NA,NA,NA,NA,NA,NA,NA,NA,NA,NA,NA,NA,NA,NA,NA,NA,NA,NA,NA,NA,NA,NA
5,added,V1ADA-2,3,1,1,0,1,0,0,0,0,0,0,1,0,3.4,NA,FOCE_I,NA,4674.16,0,10754.178187233971,1.40656,5.96038,0.18563,1.40717,3.91909,NA,NA,NA,NA,NA,NA,NA,NA,NA,NA,-0.275562,NA,0.0176246,-0.127536,NA,NA,-0.0464819,NA,NA,NA,NA,NA,NA,NA,NA,NA,0.60426,0.444987,0.279812,5e-13,NA,NA,NA,NA,NA,NA,NA,NA,NA,NA,NA,NA,NA,NA,NA,NA,NA,NA,NA,NA,NA,NA,NA,NA,NA,NA,NA,NA,NA,NA,NA,NA,NA,NA
5,added,V1ALB-4,4,1,1,0,0,0,0,0,0,0,0,0,0,NA,NA,FOCE_I,NA,370.21,0,NA,NA,NA,NA,NA,NA,NA,NA,NA,NA,NA,NA,NA,NA,NA,NA,NA,NA,NA,NA,NA,NA,NA,NA,NA,NA,NA,NA,NA,NA,NA,NA,NA,NA,NA,NA,NA,NA,NA,NA,NA,NA,NA,NA,NA,NA,NA,NA,NA,NA,NA,NA,NA,NA,NA,NA,NA,NA,NA,NA,NA,NA,NA,NA,NA,NA,NA,NA,NA,NA
5,added,V1BW-3,5,1,1,0,0,0,0,0,1,0,0,3,0,1.4,NA,FOCE_I,NA,3469.21,0,10743.168629086886,1.41628,7.3696,0.196283,1.3775,4.7557,NA,NA,NA,NA,NA,NA,NA,NA,NA,NA,NA,NA,0.0120993,-0.126781,NA,NA,NA,0.0138211,-0.0509789,NA,NA,NA,NA,NA,NA,NA,0.601222,0.376969,0.280131,5e-13,NA,NA,NA,NA,NA,NA,NA,NA,NA,NA,NA,NA,NA,NA,NA,NA,NA,NA,NA,NA,NA,NA,NA,NA,NA,NA,NA,NA,NA,NA,NA,NA,NA,NA
5,added,V1CREAT-2,6,1,1,0,0,0,0,1,1,3,1,1,0,NA,NA,FOCE_I,NA,1522.97,0,10754.913113245137,1.41541,6.01072,0.207672,1.51426,4.99907,NA,NA,NA,NA,NA,NA,NA,NA,NA,NA,NA,NA,0.0195948,-0.12744,NA,NA,-0.0467907,NA,NA,NA,NA,0.26743,NA,NA,NA,NA,0.60252,0.439514,0.279494,5e-13,NA,NA,NA,NA,NA,NA,NA,NA,NA,NA,NA,NA,NA,NA,NA,NA,NA,NA,NA,NA,NA,NA,NA,NA,NA,NA,NA,NA,NA,NA,NA,NA,NA,NA
6,added,CLAGE-2,1,1,1,0,0,0,0,0,1,0,0,1,0,2.6,NA,FOCE_I,NA,2621.38,0,10738.300113270012,1.43335,7.37139,0.198363,1.39342,4.77174,0.0292895,NA,NA,NA,NA,NA,NA,NA,NA,NA,NA,NA,0.0122792,-0.126809,NA,NA,NA,0.0137007,-0.05097,NA,NA,NA,NA,NA,NA,NA,0.562853,0.377121,0.280103,5e-13,NA,NA,NA,NA,NA,NA,NA,NA,NA,NA,NA,NA,NA,NA,NA,NA,NA,NA,NA,NA,NA,NA,NA,NA,NA,NA,NA,NA,NA,NA,NA,NA,NA,NA
6,added,CLALB-2,2,1,1,0,1,0,0,0,0,0,0,3,0,3.5,NA,FOCE_I,NA,3113.05,0,10739.466883733396,1.44378,7.48067,0.253518,1.76503,4.73048,NA,NA,NA,NA,NA,0.0242871,NA,NA,NA,NA,NA,NA,0.025831,-0.126189,NA,NA,NA,0.0144699,-0.051122,NA,NA,NA,NA,NA,NA,NA,0.623698,0.374027,0.279853,5e-13,NA,NA,NA,NA,NA,NA,NA,NA,NA,NA,NA,NA,NA,NA,NA,NA,NA,NA,NA,NA,NA,NA,NA,NA,NA,NA,NA,NA,NA,NA,NA,NA,NA,NA
6,added,V1ADA-2,3,1,1,0,1,0,0,0,0,0,0,0,0,3.5,NA,FOCE_I,NA,1665.14,0,10736.056403230688,1.41059,7.39099,0.182501,1.328,4.19345,NA,NA,NA,NA,NA,NA,NA,NA,NA,NA,-0.270135,NA,0.0127266,-0.126812,NA,NA,NA,0.0128256,-0.0509691,NA,NA,NA,NA,NA,NA,NA,0.605041,0.378531,0.279705,5e-13,NA,NA,NA,NA,NA,NA,NA,NA,NA,NA,NA,NA,NA,NA,NA,NA,NA,NA,NA,NA,NA,NA,NA,NA,NA,NA,NA,NA,NA,NA,NA,NA,NA,NA
6,added,V1ALB-4,4,1,1,0,0,0,0,0,0,0,0,0,0,NA,NA,FOCE_I,NA,322.21,0,NA,NA,NA,NA,NA,NA,NA,NA,NA,NA,NA,NA,NA,NA,NA,NA,NA,NA,NA,NA,NA,NA,NA,NA,NA,NA,NA,NA,NA,NA,NA,NA,NA,NA,NA,NA,NA,NA,NA,NA,NA,NA,NA,NA,NA,NA,NA,NA,NA,NA,NA,NA,NA,NA,NA,NA,NA,NA,NA,NA,NA,NA,NA,NA,NA,NA,NA,NA,NA,NA
6,added,V1BW-4,5,1,1,0,0,0,0,0,1,0,0,4,0,2.2,NA,FOCE_I,NA,2644.38,0,10766.376895604031,1.4161,5.53273,0.199392,1.42087,4.65416,NA,NA,NA,NA,NA,NA,NA,NA,NA,NA,NA,NA,0.0111091,-0.12686,NA,NA,NA,NA,NA,-0.0193781,NA,NA,NA,NA,NA,NA,0.595218,0.309375,0.280183,5e-13,NA,NA,NA,NA,NA,NA,NA,NA,NA,NA,NA,NA,NA,NA,NA,NA,NA,NA,NA,NA,NA,NA,NA,NA,NA,NA,NA,NA,NA,NA,NA,NA,NA,NA
6,added,V1CREAT-2,6,1,1,0,0,0,0,0,1,0,0,2,0,0.7,NA,FOCE_I,NA,4098.45,0,10736.490257103158,1.40171,7.38836,0.204933,1.41985,4.91399,NA,NA,NA,NA,NA,NA,NA,NA,NA,NA,NA,NA,0.0148306,-0.126765,NA,NA,NA,0.0119888,-0.0510372,NA,NA,0.269301,NA,NA,NA,NA,0.601705,0.370164,0.279313,5e-13,NA,NA,NA,NA,NA,NA,NA,NA,NA,NA,NA,NA,NA,NA,NA,NA,NA,NA,NA,NA,NA,NA,NA,NA,NA,NA,NA,NA,NA,NA,NA,NA,NA,NA
7,added,CLAGE-2,1,1,1,0,1,0,0,0,0,0,0,1,0,3.1,NA,FOCE_I,NA,2361.79,0,10731.108492396253,1.42943,7.4,0.185573,1.33748,4.20793,0.0297515,NA,NA,NA,NA,NA,NA,NA,NA,NA,-0.270812,NA,0.0127524,-0.126787,NA,NA,NA,0.0135323,-0.0510161,NA,NA,NA,NA,NA,NA,NA,0.565921,0.377189,0.279619,5e-13,NA,NA,NA,NA,NA,NA,NA,NA,NA,NA,NA,NA,NA,NA,NA,NA,NA,NA,NA,NA,NA,NA,NA,NA,NA,NA,NA,NA,NA,NA,NA,NA,NA,NA
7,added,CLALB-2,2,1,1,0,0,0,0,0,1,0,0,0,0,NA,NA,FOCE_I,NA,1043.55,0,10732.589427018853,1.43245,7.52505,0.236385,1.71071,4.20797,NA,NA,NA,NA,NA,0.0234631,NA,NA,NA,NA,-0.27115,NA,0.0258854,-0.12619,NA,NA,NA,0.014613,-0.0512735,NA,NA,NA,NA,NA,NA,NA,0.628213,0.376326,0.279215,5e-13,NA,NA,NA,NA,NA,NA,NA,NA,NA,NA,NA,NA,NA,NA,NA,NA,NA,NA,NA,NA,NA,NA,NA,NA,NA,NA,NA,NA,NA,NA,NA,NA,NA,NA
7,added,V1ALB-4,3,1,1,0,0,0,0,0,0,0,0,0,0,NA,NA,FOCE_I,NA,249.22,0,NA,NA,NA,NA,NA,NA,NA,NA,NA,NA,NA,NA,NA,NA,NA,NA,NA,NA,NA,NA,NA,NA,NA,NA,NA,NA,NA,NA,NA,NA,NA,NA,NA,NA,NA,NA,NA,NA,NA,NA,NA,NA,NA,NA,NA,NA,NA,NA,NA,NA,NA,NA,NA,NA,NA,NA,NA,NA,NA,NA,NA,NA,NA,NA,NA,NA,NA,NA,NA,NA
7,added,V1BW-4,4,1,1,0,0,0,0,0,1,0,0,1,0,2,NA,FOCE_I,NA,3988.1,0,10759.263553232526,1.41071,5.57046,0.184686,1.36599,4.02363,NA,NA,NA,NA,NA,NA,NA,NA,NA,NA,-0.265783,NA,0.0116491,-0.126876,NA,NA,NA,NA,NA,-0.0196883,NA,NA,NA,NA,NA,NA,0.598438,0.311023,0.279753,5e-13,NA,NA,NA,NA,NA,NA,NA,NA,NA,NA,NA,NA,NA,NA,NA,NA,NA,NA,NA,NA,NA,NA,NA,NA,NA,NA,NA,NA,NA,NA,NA,NA,NA,NA
7,added,V1CREAT-2,5,1,1,0,0,0,0,0,1,0,0,1,0,2,NA,FOCE_I,NA,3204.98,0,10728.938671446200,1.40331,7.46502,0.190637,1.36825,4.17631,NA,NA,NA,NA,NA,NA,NA,NA,NA,NA,-0.273517,NA,0.0147225,-0.126753,NA,NA,NA,0.01249,-0.0511892,NA,NA,0.278284,NA,NA,NA,NA,0.604898,0.372301,0.278784,5e-13,NA,NA,NA,NA,NA,NA,NA,NA,NA,NA,NA,NA,NA,NA,NA,NA,NA,NA,NA,NA,NA,NA,NA,NA,NA,NA,NA,NA,NA,NA,NA,NA,NA,NA
8,added,CLAGE-2,1,1,1,0,0,0,0,0,1,0,0,0,0,1.9,NA,FOCE_I,NA,4085.33,0,10723.955961365471,1.42341,7.4501,0.185487,1.3306,4.18369,0.0297748,NA,NA,NA,NA,NA,NA,NA,NA,NA,-0.273206,NA,0.0145913,-0.126771,NA,NA,NA,0.0126373,-0.0510103,NA,NA,0.277515,NA,NA,NA,NA,0.565718,0.370554,0.278882,5e-13,NA,NA,NA,NA,NA,NA,NA,NA,NA,NA,NA,NA,NA,NA,NA,NA,NA,NA,NA,NA,NA,NA,NA,NA,NA,NA,NA,NA,NA,NA,NA,NA,NA,NA
8,added,CLALB-2,2,1,1,0,0,0,0,0,1,0,0,3,0,1.4,NA,FOCE_I,NA,2148.33,0,10724.625063730164,1.4362,7.59326,0.246197,1.73807,4.18893,NA,NA,NA,NA,NA,0.0262699,NA,NA,NA,NA,-0.272218,NA,0.0291733,-0.126098,NA,NA,NA,0.0135065,-0.0512594,NA,NA,0.298131,NA,NA,NA,NA,0.630208,0.367639,0.278633,5e-13,NA,NA,NA,NA,NA,NA,NA,NA,NA,NA,NA,NA,NA,NA,NA,NA,NA,NA,NA,NA,NA,NA,NA,NA,NA,NA,NA,NA,NA,NA,NA,NA,NA,NA
8,added,V1ALB-4,3,1,1,0,0,0,0,0,0,0,0,0,0,NA,NA,FOCE_I,NA,189.46,0,NA,NA,NA,NA,NA,NA,NA,NA,NA,NA,NA,NA,NA,NA,NA,NA,NA,NA,NA,NA,NA,NA,NA,NA,NA,NA,NA,NA,NA,NA,NA,NA,NA,NA,NA,NA,NA,NA,NA,NA,NA,NA,NA,NA,NA,NA,NA,NA,NA,NA,NA,NA,NA,NA,NA,NA,NA,NA,NA,NA,NA,NA,NA,NA,NA,NA,NA,NA,NA,NA
8,added,V1BW-4,4,1,1,0,0,0,0,0,1,0,0,2,0,1.9,NA,FOCE_I,NA,2753.84,0,10753.611220562765,1.41219,5.59408,0.197193,1.42161,4.02563,NA,NA,NA,NA,NA,NA,NA,NA,NA,NA,-0.266175,NA,0.0137347,-0.126894,NA,NA,NA,NA,NA,-0.0205672,NA,0.2389,NA,NA,NA,NA,0.598345,0.312464,0.278844,5e-13,NA,NA,NA,NA,NA,NA,NA,NA,NA,NA,NA,NA,NA,NA,NA,NA,NA,NA,NA,NA,NA,NA,NA,NA,NA,NA,NA,NA,NA,NA,NA,NA,NA,NA
8,added,V1CREAT-3,5,1,1,0,0,0,0,0,1,0,0,4,0,2,NA,FOCE_I,NA,6140.33,0,10728.938160736907,1.40464,7.44977,0.18917,1.35291,4.1735,NA,NA,NA,NA,NA,NA,NA,NA,NA,NA,-0.273444,NA,0.0148089,-0.126741,NA,NA,NA,0.0124396,-0.0511657,NA,NA,NA,0.273984,0.283394,NA,NA,0.604964,0.372752,0.278813,5e-13,NA,NA,NA,NA,NA,NA,NA,NA,NA,NA,NA,NA,NA,NA,NA,NA,NA,NA,NA,NA,NA,NA,NA,NA,NA,NA,NA,NA,NA,NA,NA,NA,NA,NA
9,added,CLAGE-3,1,1,1,0,0,0,0,0,1,0,0,0,0,1.4,NA,FOCE_I,NA,2605.29,0,10721.884745287804,1.1798,7.44039,0.19316,1.39128,4.18709,NA,-0.00212407,0.085351,NA,NA,NA,NA,NA,NA,NA,-0.273659,NA,0.0152894,-0.126755,NA,NA,NA,0.0128395,-0.0511249,NA,NA,0.276732,NA,NA,NA,NA,0.549874,0.373127,0.278856,5e-13,NA,NA,NA,NA,NA,NA,NA,NA,NA,NA,NA,NA,NA,NA,NA,NA,NA,NA,NA,NA,NA,NA,NA,NA,NA,NA,NA,NA,NA,NA,NA,NA,NA,NA
9,added,CLALB-2,2,1,1,0,0,0,0,0,1,0,0,2,0,2.2,NA,FOCE_I,NA,5416.99,0,10719.973781556822,1.44864,7.63065,0.246289,1.7498,4.20123,0.0296695,NA,NA,NA,NA,0.0255106,NA,NA,NA,NA,-0.272378,NA,0.0289067,-0.12617,NA,NA,NA,0.0135637,-0.0513344,NA,NA,0.294921,NA,NA,NA,NA,0.591111,0.367604,0.278587,5e-13,NA,NA,NA,NA,NA,NA,NA,NA,NA,NA,NA,NA,NA,NA,NA,NA,NA,NA,NA,NA,NA,NA,NA,NA,NA,NA,NA,NA,NA,NA,NA,NA,NA,NA
9,added,V1ALB-4,3,1,1,0,0,0,0,0,0,0,0,0,0,NA,NA,FOCE_I,NA,215.99,0,NA,NA,NA,NA,NA,NA,NA,NA,NA,NA,NA,NA,NA,NA,NA,NA,NA,NA,NA,NA,NA,NA,NA,NA,NA,NA,NA,NA,NA,NA,NA,NA,NA,NA,NA,NA,NA,NA,NA,NA,NA,NA,NA,NA,NA,NA,NA,NA,NA,NA,NA,NA,NA,NA,NA,NA,NA,NA,NA,NA,NA,NA,NA,NA,NA,NA,NA,NA,NA,NA
9,added,V1BW-4,4,1,1,0,0,0,0,0,1,0,0,0,0,NA,NA,FOCE_I,NA,2656.83,0,10748.680780693090,1.43058,5.61978,0.19645,1.42933,4.02885,0.0297344,NA,NA,NA,NA,NA,NA,NA,NA,NA,-0.267156,NA,0.0144844,-0.127011,NA,NA,NA,NA,NA,-0.0204486,NA,0.241688,NA,NA,NA,NA,0.560439,0.311209,0.278702,5e-13,NA,NA,NA,NA,NA,NA,NA,NA,NA,NA,NA,NA,NA,NA,NA,NA,NA,NA,NA,NA,NA,NA,NA,NA,NA,NA,NA,NA,NA,NA,NA,NA,NA,NA
9,added,V1CREAT-3,5,1,1,0,1,0,0,0,0,0,0,2,0,4.3,NA,FOCE_I,NA,4127.19,0,10723.952342462293,1.42326,7.4498,0.187994,1.32954,4.1877,0.0298601,NA,NA,NA,NA,NA,NA,NA,NA,NA,-0.273308,NA,0.0145354,-0.12678,NA,NA,NA,0.0126551,-0.0510997,NA,NA,NA,0.274856,0.284051,NA,NA,0.565825,0.371251,0.278877,5e-13,NA,NA,NA,NA,NA,NA,NA,NA,NA,NA,NA,NA,NA,NA,NA,NA,NA,NA,NA,NA,NA,NA,NA,NA,NA,NA,NA,NA,NA,NA,NA,NA,NA,NA
10,added,CLAGE-3,1,1,1,0,0,0,0,0,1,0,0,5,0,0.8,NA,FOCE_I,NA,6432.96,0,10718.172589438893,1.22272,7.59314,0.24886,1.77112,4.20439,NA,0.000868903,0.0796144,NA,NA,0.0248778,NA,NA,NA,NA,-0.272819,NA,0.0286227,-0.126141,NA,NA,NA,0.0137081,-0.0513478,NA,NA,0.293684,NA,NA,NA,NA,0.576266,0.367945,0.27851,5e-13,NA,NA,NA,NA,NA,NA,NA,NA,NA,NA,NA,NA,NA,NA,NA,NA,NA,NA,NA,NA,NA,NA,NA,NA,NA,NA,NA,NA,NA,NA,NA,NA,NA,NA
10,added,CLALB-3,2,1,1,0,0,0,0,0,1,0,0,2,0,0.9,NA,FOCE_I,NA,4790.7,0,10686.142172199186,1.15718,7.11713,0.326948,2.30843,4.20814,0.0353915,NA,NA,NA,NA,NA,-0.0799371,0.179142,NA,NA,-0.262486,NA,-0.0208828,-0.123488,NA,NA,NA,0.0166942,-0.0515482,NA,NA,0.281762,NA,NA,NA,NA,0.596016,0.405319,0.278943,5e-13,NA,NA,NA,NA,NA,NA,NA,NA,NA,NA,NA,NA,NA,NA,NA,NA,NA,NA,NA,NA,NA,NA,NA,NA,NA,NA,NA,NA,NA,NA,NA,NA,NA,NA
10,added,V1ALB-4,3,1,1,0,0,0,0,0,0,0,0,0,0,NA,NA,FOCE_I,NA,233.88,0,NA,NA,NA,NA,NA,NA,NA,NA,NA,NA,NA,NA,NA,NA,NA,NA,NA,NA,NA,NA,NA,NA,NA,NA,NA,NA,NA,NA,NA,NA,NA,NA,NA,NA,NA,NA,NA,NA,NA,NA,NA,NA,NA,NA,NA,NA,NA,NA,NA,NA,NA,NA,NA,NA,NA,NA,NA,NA,NA,NA,NA,NA,NA,NA,NA,NA,NA,NA,NA,NA
10,added,V1BW-4,4,1,1,0,0,0,0,0,1,0,0,2,0,2.3,NA,FOCE_I,NA,3040.09,0,10744.880374173101,1.46971,5.69693,0.24594,1.75643,4.03767,0.0281238,NA,NA,NA,NA,0.0248375,NA,NA,NA,NA,-0.266177,NA,0.0275424,-0.126225,NA,NA,NA,NA,NA,-0.0197864,NA,0.254457,NA,NA,NA,NA,0.584904,0.306417,0.278787,5e-13,NA,NA,NA,NA,NA,NA,NA,NA,NA,NA,NA,NA,NA,NA,NA,NA,NA,NA,NA,NA,NA,NA,NA,NA,NA,NA,NA,NA,NA,NA,NA,NA,NA,NA
10,added,V1CREAT-3,5,1,1,0,0,0,0,0,1,0,0,1,0,1.7,NA,FOCE_I,NA,5429.46,0,10719.972718280205,1.44723,7.62759,0.247321,1.75652,4.20263,0.0297411,NA,NA,NA,NA,0.0256127,NA,NA,NA,NA,-0.272354,NA,0.0289073,-0.126161,NA,NA,NA,0.0136026,-0.0513142,NA,NA,NA,0.299134,0.291467,NA,NA,0.591054,0.367731,0.278598,5e-13,NA,NA,NA,NA,NA,NA,NA,NA,NA,NA,NA,NA,NA,NA,NA,NA,NA,NA,NA,NA,NA,NA,NA,NA,NA,NA,NA,NA,NA,NA,NA,NA,NA,NA
11,added,CLAGE-3,1,1,1,0,0,0,0,0,1,0,0,4,0,NA,NA,FOCE_I,NA,6617.82,0,10683.833610733536,0.94946,7.07697,0.326412,2.31626,4.21333,NA,0.00561251,0.0960124,NA,NA,NA,-0.0822927,0.18012,NA,NA,-0.262269,NA,-0.0218709,-0.123405,NA,NA,NA,0.0162689,-0.0515956,NA,NA,0.275937,NA,NA,NA,NA,0.577583,0.406518,0.279243,5e-13,NA,NA,NA,NA,NA,NA,NA,NA,NA,NA,NA,NA,NA,NA,NA,NA,NA,NA,NA,NA,NA,NA,NA,NA,NA,NA,NA,NA,NA,NA,NA,NA,NA,NA
11,added,CLALB-4,2,1,1,0,0,0,0,0,1,0,0,0,0,NA,NA,FOCE_I,NA,2449.08,0,10717.607411135028,1.45799,7.66784,0.278689,1.96852,4.18952,0.0285438,NA,NA,NA,NA,NA,NA,NA,0.0438148,NA,-0.273105,NA,0.0352982,-0.125656,NA,NA,NA,0.0139356,-0.0513703,NA,NA,0.310466,NA,NA,NA,NA,0.612209,0.365834,0.278691,5e-13,NA,NA,NA,NA,NA,NA,NA,NA,NA,NA,NA,NA,NA,NA,NA,NA,NA,NA,NA,NA,NA,NA,NA,NA,NA,NA,NA,NA,NA,NA,NA,NA,NA,NA
11,added,V1ALB-4,3,1,1,0,0,0,0,0,0,0,0,0,0,NA,NA,FOCE_I,NA,432.94,0,NA,NA,NA,NA,NA,NA,NA,NA,NA,NA,NA,NA,NA,NA,NA,NA,NA,NA,NA,NA,NA,NA,NA,NA,NA,NA,NA,NA,NA,NA,NA,NA,NA,NA,NA,NA,NA,NA,NA,NA,NA,NA,NA,NA,NA,NA,NA,NA,NA,NA,NA,NA,NA,NA,NA,NA,NA,NA,NA,NA,NA,NA,NA,NA,NA,NA,NA,NA,NA,NA
11,added,V1BW-4,4,1,1,0,0,0,0,0,1,0,0,1,0,1.8,NA,FOCE_I,NA,3698.11,0,10713.591439268394,1.17092,5.28649,0.328234,2.31346,4.04524,0.0341857,NA,NA,NA,NA,NA,-0.074104,0.161316,NA,NA,-0.257902,NA,-0.0139835,-0.123497,NA,NA,NA,NA,NA,-0.020015,NA,0.227621,NA,NA,NA,NA,0.586553,0.334538,0.27915,5e-13,NA,NA,NA,NA,NA,NA,NA,NA,NA,NA,NA,NA,NA,NA,NA,NA,NA,NA,NA,NA,NA,NA,NA,NA,NA,NA,NA,NA,NA,NA,NA,NA,NA,NA
11,added,V1CREAT-3,5,1,1,0,0,0,0,0,1,0,0,2,0,1.6,NA,FOCE_I,NA,3599.82,0,10685.360458798292,1.13121,7.23465,0.313461,2.20264,4.20713,0.0335849,NA,NA,NA,NA,NA,-0.08409,0.187271,NA,NA,-0.263094,NA,-0.0265803,-0.123698,NA,NA,NA,0.0180222,-0.0543511,NA,NA,NA,0.291028,0.26298,NA,NA,0.600565,0.443352,0.279088,5e-13,NA,NA,NA,NA,NA,NA,NA,NA,NA,NA,NA,NA,NA,NA,NA,NA,NA,NA,NA,NA,NA,NA,NA,NA,NA,NA,NA,NA,NA,NA,NA,NA,NA,NA
2,added,CLAGE-3,1,1,1,0,0,0,0,0,1,0,0,4,0,NA,NA,FOCE_I,NA,6592.92,0,10683.833610733536,0.94946,7.07697,0.326412,2.31626,4.21333,NA,0.00561251,0.0960124,NA,NA,NA,-0.0822927,0.18012,NA,NA,NA,NA,NA,NA,NA,NA,NA,NA,NA,NA,NA,-0.262269,NA,NA,NA,NA,NA,NA,-0.0218709,-0.123405,NA,NA,NA,0.0162689,-0.0515956,NA,NA,0.275937,NA,NA,NA,NA,NA,0.577583,0.406518,0.279243,5e-13,NA,NA,NA,NA,NA,NA,NA,NA,NA,NA,NA,NA,NA,NA,NA,NA,NA,NA,NA,NA,NA,NA,NA,NA,NA,NA,NA,NA,NA,NA,NA,NA,NA,NA,NA,NA,NA,NA,NA,NA,NA,NA,NA,NA,NA,NA,NA,NA,NA,NA,NA
2,added,CLALB-4,2,1,1,0,0,0,0,0,1,0,0,0,0,NA,NA,FOCE_I,NA,4834.18,0,10717.607411135028,1.45799,7.66784,0.278689,1.96852,4.18952,0.0285438,NA,NA,NA,NA,NA,NA,NA,0.0438148,NA,NA,NA,NA,NA,NA,NA,NA,NA,NA,NA,NA,-0.273105,NA,NA,NA,NA,NA,NA,0.0352982,-0.125656,NA,NA,NA,0.0139356,-0.0513703,NA,NA,0.310466,NA,NA,NA,NA,NA,0.612209,0.365834,0.278691,5e-13,NA,NA,NA,NA,NA,NA,NA,NA,NA,NA,NA,NA,NA,NA,NA,NA,NA,NA,NA,NA,NA,NA,NA,NA,NA,NA,NA,NA,NA,NA,NA,NA,NA,NA,NA,NA,NA,NA,NA,NA,NA,NA,NA,NA,NA,NA,NA,NA,NA,NA,NA
2,added,CLBW-2,3,1,1,0,0,0,0,0,1,0,0,4,0,1.7,NA,FOCE_I,NA,10508.96,0,10685.305164151765,1.14297,7.25467,0.306537,2.18449,4.19813,0.0344519,NA,NA,NA,NA,NA,-0.0801275,0.1858,NA,NA,-0.00090878,NA,NA,NA,NA,NA,NA,NA,NA,NA,NA,-0.264213,NA,NA,NA,NA,NA,NA,-0.0279066,-0.12369,NA,NA,NA,0.0176514,-0.0543739,NA,NA,0.287329,NA,NA,NA,NA,NA,0.600351,0.44478,0.279282,5e-13,NA,NA,NA,NA,NA,NA,NA,NA,NA,NA,NA,NA,NA,NA,NA,NA,NA,NA,NA,NA,NA,NA,NA,NA,NA,NA,NA,NA,NA,NA,NA,NA,NA,NA,NA,NA,NA,NA,NA,NA,NA,NA,NA,NA,NA,NA,NA,NA,NA,NA,NA
2,added,CLCREAT-2,4,1,1,0,0,0,0,0,1,0,0,0,0,1.5,NA,FOCE_I,NA,4044.21,0,10685.373441083944,1.14437,7.29018,0.311977,2.2406,4.18057,0.0333281,NA,NA,NA,NA,NA,-0.0812156,0.18626,NA,NA,NA,NA,NA,NA,NA,-0.00707575,NA,NA,NA,NA,NA,-0.266855,NA,NA,NA,NA,NA,NA,-0.0237671,-0.12381,NA,NA,NA,0.018146,-0.0543486,NA,NA,0.275155,NA,NA,NA,NA,NA,0.602066,0.440389,0.279597,5e-13,NA,NA,NA,NA,NA,NA,NA,NA,NA,NA,NA,NA,NA,NA,NA,NA,NA,NA,NA,NA,NA,NA,NA,NA,NA,NA,NA,NA,NA,NA,NA,NA,NA,NA,NA,NA,NA,NA,NA,NA,NA,NA,NA,NA,NA,NA,NA,NA,NA,NA,NA
2,added,CLSEX-2,5,1,1,0,0,0,0,0,1,0,0,6,0,2.6,NA,FOCE_I,NA,10521.3,0,10684.861269390391,1.08996,7.33567,0.310402,2.2165,4.18704,0.0349527,NA,NA,NA,NA,NA,-0.0789973,0.187427,NA,NA,NA,NA,NA,NA,NA,NA,NA,NA,NA,NA,0.128657,-0.26444,NA,NA,NA,NA,NA,NA,-0.0253313,-0.123767,NA,NA,NA,0.0179387,-0.0543732,NA,NA,0.285765,NA,NA,NA,NA,NA,0.598092,0.443051,0.279472,5e-13,NA,NA,NA,NA,NA,NA,NA,NA,NA,NA,NA,NA,NA,NA,NA,NA,NA,NA,NA,NA,NA,NA,NA,NA,NA,NA,NA,NA,NA,NA,NA,NA,NA,NA,NA,NA,NA,NA,NA,NA,NA,NA,NA,NA,NA,NA,NA,NA,NA,NA,NA
2,added,V1AGE-2,6,1,1,0,0,0,0,0,1,0,0,1,0,0.9,NA,FOCE_I,NA,10487.9,0,10685.321188127402,1.14046,7.27278,0.311182,2.22694,4.20138,0.0344797,NA,NA,NA,NA,NA,-0.0812129,0.185793,NA,NA,NA,NA,NA,NA,NA,NA,NA,NA,NA,NA,NA,-0.264512,0.000332024,NA,NA,NA,NA,NA,-0.0270953,-0.123794,NA,NA,NA,0.0178368,-0.0543684,NA,NA,0.282089,NA,NA,NA,NA,NA,0.600443,0.444643,0.279238,5e-13,NA,NA,NA,NA,NA,NA,NA,NA,NA,NA,NA,NA,NA,NA,NA,NA,NA,NA,NA,NA,NA,NA,NA,NA,NA,NA,NA,NA,NA,NA,NA,NA,NA,NA,NA,NA,NA,NA,NA,NA,NA,NA,NA,NA,NA,NA,NA,NA,NA,NA,NA
2,added,V1ALB-4,7,1,1,0,0,0,0,0,0,0,0,0,0,NA,NA,FOCE_I,NA,661.77,0,NA,NA,NA,NA,NA,NA,NA,NA,NA,NA,NA,NA,NA,NA,NA,NA,NA,NA,NA,NA,NA,NA,NA,NA,NA,NA,NA,NA,NA,NA,NA,NA,NA,NA,NA,NA,NA,NA,NA,NA,NA,NA,NA,NA,NA,NA,NA,NA,NA,NA,NA,NA,NA,NA,NA,NA,NA,NA,NA,NA,NA,NA,NA,NA,NA,NA,NA,NA,NA,NA,NA,NA,NA,NA,NA,NA,NA,NA,NA,NA,NA,NA,NA,NA,NA,NA,NA,NA,NA,NA,NA,NA,NA,NA,NA,NA,NA,NA,NA,NA,NA,NA,NA,NA
2,added,V1BW-4,8,1,1,0,0,0,0,0,1,0,0,3,0,1.8,NA,FOCE_I,NA,3649.45,0,10713.590541601343,1.17856,5.29238,0.32766,2.36612,4.03956,0.0348154,NA,NA,NA,NA,NA,-0.073839,0.161021,NA,NA,NA,NA,NA,NA,NA,NA,NA,NA,NA,NA,NA,-0.257922,NA,NA,NA,NA,NA,NA,-0.0140349,-0.123429,NA,NA,NA,NA,NA,-0.0200337,NA,0.227995,NA,NA,NA,NA,NA,0.586834,0.334175,0.279228,5e-13,NA,NA,NA,NA,NA,NA,NA,NA,NA,NA,NA,NA,NA,NA,NA,NA,NA,NA,NA,NA,NA,NA,NA,NA,NA,NA,NA,NA,NA,NA,NA,NA,NA,NA,NA,NA,NA,NA,NA,NA,NA,NA,NA,NA,NA,NA,NA,NA,NA,NA,NA
2,added,V1CREAT-3,9,1,1,0,0,0,0,0,1,0,0,3,0,0.9,NA,FOCE_I,NA,6490.43,0,10686.107585134669,1.1593,7.16231,0.324201,2.30065,4.20966,0.0345797,NA,NA,NA,NA,NA,-0.0775543,0.179559,NA,NA,NA,NA,NA,NA,NA,NA,NA,NA,NA,NA,NA,-0.26322,NA,NA,NA,NA,NA,NA,-0.0195154,-0.123326,NA,NA,NA,0.0164509,-0.0515294,NA,NA,NA,0.2935,0.249882,NA,NA,NA,0.596685,0.403151,0.27917,5e-13,NA,NA,NA,NA,NA,NA,NA,NA,NA,NA,NA,NA,NA,NA,NA,NA,NA,NA,NA,NA,NA,NA,NA,NA,NA,NA,NA,NA,NA,NA,NA,NA,NA,NA,NA,NA,NA,NA,NA,NA,NA,NA,NA,NA,NA,NA,NA,NA,NA,NA,NA
2,added,V1SEX-2,10,1,1,0,0,0,0,0,1,0,0,1,0,2,NA,FOCE_I,NA,2776.63,0,10685.554456117521,1.15047,7.35627,0.326247,2.30068,4.20824,0.0354431,NA,NA,NA,NA,NA,-0.0808328,0.177954,NA,NA,NA,NA,NA,NA,NA,NA,NA,NA,NA,NA,NA,-0.261333,NA,NA,NA,NA,NA,NA,-0.0208825,-0.123476,NA,NA,NA,0.01422,-0.05146,NA,NA,0.272268,NA,NA,NA,NA,-0.12018,0.595247,0.401866,0.279024,5e-13,NA,NA,NA,NA,NA,NA,NA,NA,NA,NA,NA,NA,NA,NA,NA,NA,NA,NA,NA,NA,NA,NA,NA,NA,NA,NA,NA,NA,NA,NA,NA,NA,NA,NA,NA,NA,NA,NA,NA,NA,NA,NA,NA,NA,NA,NA,NA,NA,NA,NA,NA
